"Account Security","Sécurité du compte"
"Login Security","Sécurité de la connexion"
"Two Factor Authentication","Authentification à deux facteurs"
"Status","Statut"
"Enabled","Activée"
"Disabled","Désactivée"
"To enhance account security, you can enable two factor authentication for an extra layer of verification on the login page.","Pour renforcer la sécurité du compte, vous pouvez activer l'authentification à deux facteurs afin d'ajouter une couche de vérification lors de la connexion."
"Disable","Désactiver"
"Enable","Activer"
"Disable Two Factor Authentication","Désactiver l'authentification à deux facteurs"
"Enable Two Factor Authentication","Activer l'authentification à deux facteurs"
"6-digit Auth Code","Code d'authentification à 6 chiffres"
"OTP","OTP"
"Didn't receive your code? Check your spam folder or","Vous n'avez pas reçu votre code ? Vérifiez votre dossier de courrier indésirable ou"
"click here to resend a new code","cliquez ici pour renvoyer un nouveau code"
"Back","Retour"
"Submit","Envoyer"
"Current Password","Mot de passe actuel"
"Enter your password to disable Two Factor Authentication","Saisissez votre mot de passe pour désactiver l'authentification à deux facteurs"
"Cancel","Annuler"
"Save","Enregistrer"
"A one-time auth code has been sent to your registered email","Un code d'authentification à usage unique a été envoyé à votre adresse e-mail enregistrée"